{
  "IsEncrypted": false,
  "Values": {
    "AzureWebJobsStorage": "UseDevelopmentStorage=true",
    "FUNCTIONS_WORKER_RUNTIME": "dotnet"
  },
  "LocalSettingsValues": {
    "FSAPIKey": "eksE9j1f2Fr8DBoyrn",
    "AzureClientId": "fff7e8a3-fc59-466e-b9e1-5e19a7da9678",
    "AzureClientSecret": "BJU8Q~Rbhv2PIKSApsxpDWvJBZ3XUnJhTmGIjb~n",
    "AzureTenantId": "db3ccfc8-a469-4b8c-9a3c-7cd440b2d5a6",
    "AzureScope": "499b84ac-1321-427f-aa17-267ca6975798/.default",
    "ADOAuthValue": "BJU8Q~Rbhv2PIKSApsxpDWvJBZ3XUnJhTmGIjb~n",
    "InstrumentationKey": "InstrumentationKey=aec7b65e-446f-45ad-b3a1-1e92333b6ac9;IngestionEndpoint=https://westus-0.in.applicationinsights.azure.com/;LiveEndpoint=https://westus.livediagnostics.monitor.azure.com/"
  }
}